<?xml version="1.0" encoding="UTF-8"?>
<project-private xmlns="http://www.netbeans.org/ns/project-private/1">
    <editor-bookmarks xmlns="http://www.netbeans.org/ns/editor-bookmarks/2" lastBookmarkId="0"/>
    <open-files xmlns="http://www.netbeans.org/ns/projectui-open-files/2">
        <group>
            <file>file:/C:/Users/ferna/Downloads/Prueba%203%20Java/gymDB/src/vista/menu.java</file>
            <file>file:/C:/Users/ferna/Downloads/Prueba%203%20Java/gymDB/src/bd/Conector.java</file>
            <file>file:/C:/Users/ferna/Downloads/Prueba%203%20Java/gymDB/src/vista/Listar.java</file>
            <file>file:/C:/Users/ferna/Downloads/Prueba%203%20Java/gymDB/src/Modelo/Cliente.java</file>
        </group>
    </open-files>
</project-private>
